{
  "finbound_F1_EXTRA": {
    "method": "finbound_F1",
    "task_family": "EXTRA",
    "num_samples": 14,
    "accuracy": 0.35714285714285715,
    "grounding_accuracy": 0.8571428571428571,
    "hallucination_rate": 0.07142857142857142,
    "transparency_score": 0.9285714285714286,
    "auditability": 1.0,
    "run_id_fidelity": 1.0,
    "avg_latency_ms": 28910.161764785047,
    "verification_rate": 0.9285714285714286
  }
}